username;date;retweets;favorites;text;geo;mentions;hashtags;id;permalink
;2018/06/18 23:07;1;8;"TL Mix aus “Haha X ist tot er hat's verdient!“, “X ist tot warum freuen sich Leute drüber?“ und @GrafKokain der auf seinem ich-hab-euch-alle-lieb Grind ist.";;@GrafKokain;;"1008818391270993921";https://twitter.com/_01000110/status/1008818391270993921
;2018/06/18 23:06;1;3;"Es ist so anstrengend selbst nicht zu wissen, wie es einem geht.";;;;"1008818239055515648";https://twitter.com/EmptyMaxim/status/1008818239055515648
;2018/06/18 23:06;2;3;"Mit einem Lächeln die dunklen Gefühle zur Seite schieben, weil man zu ermüdet ist sie erneut zu spüren.";;;;"1008818184508661768";https://twitter.com/LianyThalion/status/1008818184508661768
;2018/06/18 23:05;5;37;"ich bete zu gott";;;;"1008818049150017537";https://twitter.com/dannyreturns/status/1008818049150017537
;2018/06/18 23:04;12;57;"Niemand muss sich dafür rechtfertigen jemandes Musik zu hören.";;;;"1008817712435515393";https://twitter.com/ehmteahes/status/1008817712435515393
;2018/06/18 23:03;3;5;"Alas... Stephen Miller has finally found a woman who will fjuck him. Kirstjenpic.twitter.com/iEJ3mk1ixA";;;;"1008817564498235393";https://twitter.com/georgefenneman/status/1008817564498235393
;2018/06/18 23:02;5;6;"Menschen, die wegen ihrer Nichtreligiosität aus ihren Heimatländern fliehen, werden hier weiter bedroht. Der Humanistische Verband Berlin-Brandenburg KdöR fordert den Berliner Senat auf, für einen besseren Schutz von religionsfreien Geflüchteten zu sorgen. https://humanistisch.de/x/hvd-bb/presse/2018063187 …pic.twitter.com/xCdt40EfBh";;;;"1008817193834905601";https://twitter.com/atheistrefugees/status/1008817193834905601
;2018/06/18 23:02;20;84;"Was man nicht vergessen darf: Die kaputte CSU hatte lediglich 6,3 Prozent in der Bundestagswahl. PolitSmiley";;;;"1008817174306328578";https://twitter.com/MartinSonneborn/status/1008817174306328578
;2018/06/18 23:00;6;14;"Carmelo Anthony, ladies and gentlemenpic.twitter.com/Ax3Hga4ycU";;;;"1008816812606320641";https://twitter.com/chrisgrenham/status/1008816812606320641
;2018/06/18 23:00;4;10;"KOPFKINO Ich bin bereit. Bereit für Deine Strenge, die mich führen wird. Bereit für Deine Liebe, die mich erlösen wird. Ich bin bereit ... Carina Holdpic.twitter.com/OjEfdcICX1";;;;"1008816662425096193";https://twitter.com/CarinA_Autorin/status/1008816662425096193
;2018/06/18 22:58;5;18;"The iconic Pokémon thingpic.twitter.com/JWTulHRDt8";;;;"1008816364444946432";https://twitter.com/tommobabyboy/status/1008816364444946432
;2018/06/18 22:57;54;93;"sowoneul malhaebwa!https://twitter.com/xxxtentacion/status/289897800362258432 …";;;;"1008815934801416194";https://twitter.com/CHAMPAGNEPEPl/status/1008815934801416194
;2018/06/18 22:57;13;51;"Ich habe absolut keinen Bezug zu xxxtentacion und seiner Musik aber zu sagen er hätte es verdient zu sterben ist ein Hurensohn move over 90000";;;;"1008815889691668487";https://twitter.com/JzudemD/status/1008815889691668487
;2018/06/18 22:54;10;22;"XXXTentacion in Miami angeschossen / Zustand unklar http://www.16bars.de/newsartikel/236586/xxxtentacion-angeschossen-in-miami/ …pic.twitter.com/VNSCrookQ7";;;;"1008815335531827203";https://twitter.com/16barsde/status/1008815335531827203
;2018/06/18 22:53;4;22;"musik von lil peep und xxxtentacion hat mir immer geholfen und bin ja noch nicht mal über peeps tod hinweg und jetzt xxx???? was passiert hier?";;;;"1008815048289079297";https://twitter.com/shmuren/status/1008815048289079297
;2018/06/18 22:52;15;27;"xxx got hit with that ddu du ddu du du";;;;"1008814659204337664";https://twitter.com/yerisbars/status/1008814659204337664
;2018/06/18 22:51;5;39;"Heultweet Werbung Heultweet Heultweet Ichmachmeindingtweet Werbung Katzenbild Heultweet Heultweet Crowdfunding Heultweet Heultweet Werbung Fallsduheultweetsverpassthasthinweis Heultweet Werbung Heultweetmoments Heulthreadretweet Brüste Heultweet Ichmachmeindingtweet Fussball";;;;"1008814590778585093";https://twitter.com/Hartweizenhirn/status/1008814590778585093
;2018/06/18 22:51;3;11;"@ alle die immer noch shit über x reden und nur den pitchfork Artikel gelesen haben entfolgt mir jetzt sofort Danke sehr :)";;@;;"1008814470590844929";https://twitter.com/toasterprinzip/status/1008814470590844929
;2018/06/18 22:50;4;6;"Leute die Medchen anstatt Mädchen schreiben kann ich nicht ernst nehmen";;;;"1008814283147370497";https://twitter.com/ein_llama/status/1008814283147370497
;2018/06/18 22:50;4;4;"Drei-Beinchen APPLE haben wir auch wiedergetroffen. Sie ist eine super liebe, total süße und verschmuste Maus geworden. Einfach mega dufte. Nach wie vor leidet sie aber sehr unter dem Stress im Kennel! Hündin ~4 Jahre 35m http://www.prodogromania.de/bilder/index.php/Notf-lle/Medizinische-Notf-lle-K-rperliches-Handicap/Hunde-mit-k-rperlichen-Handicaps/APPLE … info@prodogromania.depic.twitter.com/lBpmF6qC91";;@prodogromania;;"1008814231108583424";https://twitter.com/ProDogRomania/status/1008814231108583424
;2018/06/18 23:09;2;6;"ok anderes thema wieso gibt es eigentlich runde und flache schnürsenkel";;;;"1008818909238185984";https://twitter.com/lenaliebtgronkh/status/1008818909238185984
;2018/06/18 23:08;1;3;"Alles, was man braucht, ist Vertrauen. pic.twitter.com/zPLqxatXQt";;;;"1008818658532052992";https://twitter.com/gerhardschwar11/status/1008818658532052992
;2018/06/18 23:07;1;4;"nenenenenennenenenenene. aint real. Fckkkk";;;;"1008818430538117122";https://twitter.com/liljezuus/status/1008818430538117122
;2018/06/18 23:05;4;7;"Render Teste (Copa Zenix) @BlackoutZG0D pic.twitter.com/AoIwbeBpMi";;@BlackoutZG0D;;"1008817932904947712";https://twitter.com/aneyy_q/status/1008817932904947712
;2018/06/18 23:05;4;5;"2018 @MotorikFC Defensive Trialists: GK @Ohitstarik @Sebastian1SA @cartertyree6 DF @Kevin_GBC @benjafari8 @OG_Biddle Renteria @Big_DenDen @Barcarob18Sefah @D_Lazo08 Stabbe DMF @chrismcghan9 @GradysmendozaB #AllezMotorikpic.twitter.com/2M7rU43vkR";;@MotorikFC @Ohitstarik @Sebastian1SA @cartertyree6 @Kevin_GBC @benjafari8 @OG_Biddle @Big_DenDen @Barcarob18Sefah @D_Lazo08 @chrismcghan9 @GradysmendozaB;#AllezMotorikpic;"1008817918405173255";https://twitter.com/MotorikFC/status/1008817918405173255
;2018/06/18 23:03;23;208;"VOMITEI: http://youtu.be/OkeNV-XIq0k?a  via @YouTube";;@YouTube;;"1008817611403153413";https://twitter.com/t3ddyyyyy/status/1008817611403153413
;2018/06/18 23:03;2;6;"Danke an alle die das ermöglicht habenpic.twitter.com/M2aovMTfNK";;;;"1008817590888738816";https://twitter.com/Joni_der_Graue/status/1008817590888738816
;2018/06/18 22:59;3;11;"diese scheiss dreckswichser die jetzt ankommen ÜHHH X HAT NE SCHWANGERE FRAU GESCHLAGEN ER HAT DEN HYPE NICHT VERDIENT STFU NIEMAND HAT DEN TOD VERDIENT DU DUMMER SPASTI KOMM KLAR ALTER";;;;"1008816520221396993";https://twitter.com/heavyliquorsins/status/1008816520221396993
;2018/06/18 22:58;1;5;"der moment wenn du denkst das dein tweet jd und 23 weiteren gefällt aber @JzudemD einfach nur reintrollt";;@JzudemD;;"1008816311277940736";https://twitter.com/societyleftover/status/1008816311277940736
;2018/06/18 22:56;2;9;"Mit dir unterm Sternenhimmel....Hand in Hand...am Meer entlang";;;;"1008815732493291521";https://twitter.com/einhorn312/status/1008815732493291521
;2018/06/18 22:55;1;6;"das darf nd sein";;;;"1008815597994508290";https://twitter.com/Shvnxaaa/status/1008815597994508290
;2018/06/18 22:55;20;24;""Die Drohkulisse der CSU droht zusammenzustürzen, und das Endspiel droht für niemanden so gefährlich zu werden wie für die CSU selbst." Unser Kommentar zum Asyl-Streit in Deutschland: https://www.nzz.ch/meinung/die-csu-muss-sich-nach-dem-forschen-vorstoss-in-der-asylpolitik-selber-fuerchten-ld.1396008 …pic.twitter.com/yx2pMwA36w";;;;"1008815417471709185";https://twitter.com/NZZ/status/1008815417471709185
;2018/06/18 22:54;2;16;"Was macht die Sehnsucht mit all den verlorenen Gedanken?";;;;"1008815360538267649";https://twitter.com/DeichCruiser/status/1008815360538267649
;2018/06/18 22:54;2;5;"Jetzt twittern alle wie behindert X doch gewesen sei aber wenn ihre Lieblingsrapper Mist bauen verteidigen sie ihn und würden selbst mit Fackeln auf deren Hater rennen";;;;"1008815273040805889";https://twitter.com/pinkphloyddxo/status/1008815273040805889
;2018/06/18 22:52;3;12;"Wenn gewisse, getriggerte Magic Games Teilnehmer spoilern müssen, finde ich das echt ziemlich armselig und traurig. Wenn ihr von besagter Person gespoilert wurdet, tut's mir leid. ^^";;;;"1008814797805236225";https://twitter.com/KompetenzSimba/status/1008814797805236225
;2018/06/18 22:51;15;40;"Ob @BILD oder @jreichelt - der Journalismus befindet sich zunehmend in Händen derer, die Ängste schüren und Hetze unterstützen, was gesellschaftlich schädlich ist. Dieser Boulevard-Schmutz hat unsere Faszination für Tageszeitungen zerstört.https://twitter.com/jreichelt/status/1008783859423596545 …";;@BILD @jreichelt;;"1008814550500683776";https://twitter.com/postillleaks/status/1008814550500683776
;2018/06/18 22:50;8;23;"Seehofer und Kurz: ein Urlaub auf der Aquarius und 1 Jahr nicht an Land gehen dürfen! Weil die Route geschlossen ist.";;;;"1008814191141179393";https://twitter.com/OMASGEGENRECHTS/status/1008814191141179393
;2018/06/18 22:50;2;6;"Das Söder Interview im @ZDFheute war schon vielsagend. Bayern schert sich einen Dreck um die zwei Wochen, sie schaffen Fakten und bereiten vor. Die Zeit hätten sie eh gebraucht. Die CDU wird jetzt nichts mehr tuen. Ich hoffe inständig, dass die SPD die Chance ergreift!";;@ZDFheute;;"1008814148002738177";https://twitter.com/C_Schymura/status/1008814148002738177
;2018/06/18 22:49;7;41;"28. Bezieht es irgendjemand auf dein Aussehen, wenn du etwas nicht so gut kannst? Fragen Sie mal die verstockten Rassistinnen und Sexistinnen, die in Ihrem Blatt über alte, weisse Männer herziehen.";;;;"1008813964589961216";https://twitter.com/_donalphonso/status/1008813964589961216
;2018/06/18 22:49;2;6;"Die @deuxcvsix ist heute sehr unromantisch. Ich so: "ich bin der Mann der deine Träume erfüllt". Sie so: "nein, du bist der Mann der neben mir träumt"";;@deuxcvsix;;"1008813949616381952";https://twitter.com/dd0ul/status/1008813949616381952
;2018/06/18 23:08;2;4;"alter könnt ihr mal aufhören x mit PEEP zu vergleichen wtf";;;;"1008818873905410048";https://twitter.com/lungenkrebs420/status/1008818873905410048
;2018/06/18 23:08;1;1;"Krasser headshot snipe im laufen! #Fortnite #NintendoSwitchpic.twitter.com/1czvKOsak6";;;#Fortnite #NintendoSwitchpic;"1008818792418308096";https://twitter.com/gamezone_lp/status/1008818792418308096
;2018/06/18 23:07;1;3;"Mit @MadameCatty auf dem Sofa liegen und Fremdsprachen lernen. La donna mangia la mela. Le garçon mange une pomme.";;@MadameCatty;;"1008818552219062278";https://twitter.com/meloveskekse/status/1008818552219062278
;2018/06/18 22:53;2;4;"Denk mal drüber nach...pic.twitter.com/Q64WqdD1c7";;;;"1008814976923029506";https://twitter.com/KleinNaseweis/status/1008814976923029506
;2018/06/18 22:52;1;8;"Kp erst Peep jetzt X ich hab kb mehr auf dieses Leben ein Glück bin ich im Kino und trinke heimlich Alkohol";;;;"1008814810442665985";https://twitter.com/pinkphloyddxo/status/1008814810442665985
;2018/06/18 22:52;3;12;"Manchmal hoffe ich darauf irgendwann aufzuwachen und mir so zu denken wow krasser Alptraum aber jetzt geht mein schönes Leben weiter";;;;"1008814633531203584";https://twitter.com/yungglatze/status/1008814633531203584
;2018/06/18 22:50;11;18;"Wassily Kandinsky LITHOGRAPHIE FÜR DIE VIERTE BAUHAUSMAPPE (ROETHEL 162) 1922pic.twitter.com/Rds3EDeGim";;;;"1008814296137072646";https://twitter.com/literatura_rte/status/1008814296137072646
;2018/06/18 22:50;2;10;"XXXTentacion einfach im Koma prayers gehen raus...";;;;"1008814198611234816";https://twitter.com/LongLiveTwiizY/status/1008814198611234816
;2018/06/18 22:50;2;6;"Für dich fang ich ne Kugel .. Sagt man ja auch viel zu selten.";;;;"1008814151807000578";https://twitter.com/missExtraklasse/status/1008814151807000578
;2018/06/18 22:49;9;14;"Klänge, 1912 Wassily Kandinskypic.twitter.com/fug9JsNIj0";;;;"1008813952208396289";https://twitter.com/literatura_rte/status/1008813952208396289
;2018/06/18 22:49;3;15;"Satz mit XXX wahr wohl niXXX";;;;"1008813948970381312";https://twitter.com/pisspornpomo/status/1008813948970381312
;2018/06/18 22:49;2;4;"Ich hasse Birgit Schrowanges graue Haare. Sieht so dumm aus!";;;;"1008813944788709378";https://twitter.com/JulierSuspended/status/1008813944788709378
;2018/06/18 22:49;9;4;"#Tarifa, heute Morgen. In einer Turnhalle ist die Mehrheit der am Freitag hier angekommenen Migranten untergebracht. Habe die Polizei gefragt, ob die Menschen eingesperrt sind - „Nein, aber niemand will raus.“ Als ich die Leute selbst fragen wollte, musste ich gehen. @weltpic.twitter.com/kJ9Rn60wmS";;@weltpic;#Tarifa;"1008813893408485376";https://twitter.com/Tim_Roehn/status/1008813893408485376
;2018/06/18 22:48;3;4;"#BangBoomBang Zitate und Anspielungen bei der @ARDde zur #WM2018 Dafür müssen wir uns jetzt glaube ich bei @FussballMML und @MickyBeisenherz, @Lucas_Vogelsang und @Sky_MaikN bedanken!";;@ARDde @FussballMML @MickyBeisenherz @Lucas_Vogelsang @Sky_MaikN;#BangBoomBang #WM2018;"1008813823980163072";https://twitter.com/thore_brandes/status/1008813823980163072
;2018/06/18 22:48;7;9;"Listen. X CANNOT die bro.";;;;"1008813747304062979";https://twitter.com/olivia_lindsey1/status/1008813747304062979
;2018/06/18 22:48;2;9;"X echt ekliger Mensch aber wünsche keinem dem Tod, hoffe er schaffts.";;;;"1008813726974300161";https://twitter.com/JzudemD/status/1008813726974300161
;2018/06/18 22:48;11;31;"white people sehen keine farben bis ich sie "white people" nenne lg ash ps: #unbanverraeterin #unbanash";;;#unbanverraeterin #unbanash;"1008813713758056448";https://twitter.com/_ash_sim_/status/1008813713758056448
;2018/06/18 22:48;21;109;"Julian Reichelts Faszination für Twitter ist zerstört. Seine Faszination für das Verbreiten manipulativer Hetz-News bleibt davon aber unberührt.pic.twitter.com/JUsz95E2M8";;;;"1008813619876958208";https://twitter.com/Regendelfin/status/1008813619876958208
;2018/06/18 22:47;1;16;"Lieber gut gebumst als gar kein Workout.";;;;"1008813517238165510";https://twitter.com/kackfroh/status/1008813517238165510
;2018/06/18 23:08;1;1;"R.I.P. an alle Kriegsopfer von heute";;;;"1008818705319583744";https://twitter.com/GGenetik/status/1008818705319583744
;2018/06/18 23:07;1;3;"Es ist ein verrücktes Suchen und Finden. Behalten wollen und doch wieder verlieren. Ein ängstlicher Wettstreit, tagaus, tagein.";;;;"1008818585215623170";https://twitter.com/lizzy_brand/status/1008818585215623170
;2018/06/18 23:02;0;3;"Ich will so gern erwachsen werden und nicht schon mit 18 sterben.";;;;"1008817305596383233";https://twitter.com/weltverlorene/status/1008817305596383233
;2018/06/18 23:00;3;1;"o xxxtentation morreu?????????";;;;"1008816681752416256";https://twitter.com/ljsilvag/status/1008816681752416256
;2018/06/18 23:00;5;23;"alle die sich über x tod lustig machen verdienen tritte was zur hölle";;;;"1008816667743227904";https://twitter.com/weissnigga/status/1008816667743227904
;2018/06/18 22:56;4;16;"#Roma gehören zu uns. Sie sind die größte ethnische Minderheit in #Europa. Wir müssen endlich Ausgrenzung, Stigmatisierung und Diskriminierung überwinden. Und zwar überall. #AusGründen";;;#Roma #Europa #AusGr;"1008815857970106368";https://twitter.com/MiRo_SPD/status/1008815857970106368
;2018/06/18 22:52;2;5;"„Das passende Geschenk für den jungen Reichsbürger und alle, die darüber lachen können. Ich hoffe, bald kommt auch ein Chemtrailflugzeug.“ #Revell https://www.bild.de/news/inland/nationalsozialismus/modellbausatz-von-revell-56042752.bild.html …pic.twitter.com/d4EYLv1YGp";;;#Revell;"1008814840922673152";https://twitter.com/Zeitgeschehen_/status/1008814840922673152
;2018/06/18 22:52;1;9;"Ich bin manchmal so müde. Und doch stets so absurd voller Hoffnung. Vielleicht bin ich darum so müde.";;;;"1008814640598519808";https://twitter.com/notzitrotz/status/1008814640598519808
;2018/06/18 22:51;3;13;"mit 20 hat das niemand verdient, fuck empathielose hurensöhne";;;;"1008814589100855296";https://twitter.com/Sir_Michell/status/1008814589100855296
;2018/06/18 22:51;1;2;"superbe mag!!! @CharlotteNamura";;@CharlotteNamura;;"1008814557014429696";https://twitter.com/CrespoLisa/status/1008814557014429696
;2018/06/18 22:51;1;3;"es fühlt sich so komisch an traurig und glücklich gleichzeitig zu sein";;;;"1008814550802665472";https://twitter.com/allesxanders/status/1008814550802665472
;2018/06/18 22:51;1;5;""Ich mach dann mal eine Zeichnen-Pause"pic.twitter.com/Nizq62tT2U";;;;"1008814531974397952";https://twitter.com/Eneco0/status/1008814531974397952
;2018/06/18 22:49;2;9;"„Es kommt nicht nur darauf an, welches Wurstbrot du schmierst. Sondern vielmehr, mit wieviel Gürkchen.“";;;;"1008813889428041731";https://twitter.com/FrauRettich/status/1008813889428041731
;2018/06/18 22:49;3;6;"Mir hat's grade mein Herz zerrissen. In lauter kleine Ministückerl.https://www.huffingtonpost.com/entry/propublica-recording-children-crying-family-separation_us_5b2811a6e4b0f0b9e9a3d035?ncid=engmodushpmg00000004&guccounter=1 …";;;;"1008813886928228353";https://twitter.com/KatQuat/status/1008813886928228353
;2018/06/18 22:47;3;2;"TAIKO. Ein richtig toller Opa Der erste Hund, der beim letzten Besuch direkt aus Bucov als Notfall vorgestellt wurde. Nichts hat sich bisher getan. Leider... Rüde ~10 Jahre 55cm seine Beschreibung: http://prodogromania.de/bilder/index.php/Notf-lle/Oldies/TAIKO … Kontakt: info@prodogromania.de #adopt #Hundepic.twitter.com/5zGJJk9BAl";;@prodogromania;#adopt #Hundepic;"1008813408978919424";https://twitter.com/ProDogRomania/status/1008813408978919424
;2018/06/18 22:46;3;5;"Ahreee @BTS_twtpic.twitter.com/qmWQOBFLaC";;@BTS_twtpic;;"1008813279412736001";https://twitter.com/bts_namjoon98/status/1008813279412736001
;2018/06/18 22:47;3;13;"Verstehe nicht wie Ihr das Land hassen kommt in das ihr groß geworden seid hahaha ihr seid extremst behindert";;;;"1008813379752996877";https://twitter.com/krasivayah/status/1008813379752996877
;2018/06/18 22:46;1;6;"Als ob xxxtentacion erschossen wurde wtf";;;;"1008813285821636613";https://twitter.com/vvyy67/status/1008813285821636613
;2018/06/18 22:46;6;37;"jeder der sich über x tod lustig macht ist ein bastard";;;;"1008813138295312385";https://twitter.com/oklosgehts/status/1008813138295312385
;2018/06/18 22:46;20;0;"zzztentation";;;;"1008813116094930944";https://twitter.com/pacottl/status/1008813116094930944
;2018/06/18 22:45;3;10;"#InfoTweetℹ️ — Der Koran ruft zum Schutz anderer Religionen auf. (22:41) — Wer einen Menschen tötet, hat die ganze Menschheit getötet. Wer einen Menschen das Leben rettet, hat die ganze Menschheit gerettet. (5:33) — Es gibt im Koran keine Strafe für Religionsaustritt.pic.twitter.com/P9MXWnXv1v";;;#InfoTweet;"1008813033869774849";https://twitter.com/_nasir_ahmad_/status/1008813033869774849
;2018/06/18 22:45;2;4;"als ob jetzt auch noch x";;;;"1008812964177174528";https://twitter.com/killdmnk/status/1008812964177174528
;2018/06/18 22:45;6;10;"Dash Berlin quit Dash Berlinhttps://twitter.com/globaldanceelec/status/1008811720867962880 …";;;;"1008812858652520448";https://twitter.com/rduran/status/1008812858652520448
;2018/06/18 22:45;5;18;"Meine Gedanken sind zu kompliziert für einfache Fragen.";;;;"1008812848095604736";https://twitter.com/malymousse/status/1008812848095604736
;2018/06/18 22:44;18;89;"wenn xxxtentacion jetzt auch tot sein sollte glaub ich an nichts mehr";;;;"1008812796694401025";https://twitter.com/ehmteahes/status/1008812796694401025
;2018/06/18 22:44;4;13;"Nicht vergessen! pic.twitter.com/ysivAWcuDJ";;;;"1008812749667864577";https://twitter.com/meet_judith/status/1008812749667864577
;2018/06/18 22:44;20;67;"Was ist eigentlich das Genius Lab? Wie erkenne ich eine echte ARMY Bomb? Und was ist der Unterschied zwischen Bonsang und Daesang? Diese und viele weitere Fragen beantwortet euch das Bangtan Wiki http://www.bangtan.de/wiki.html  @BTS_twt #BangtanDE #BangtanWIKIpic.twitter.com/zL9E2fUHhc";;@BTS_twt;#BangtanDE #BangtanWIKIpic;"1008812709356466178";https://twitter.com/bangtan_germany/status/1008812709356466178
;2018/06/18 22:43;1;4;"Es macht mich traurig ihr nichts mehr zu bedeuten und auch wenn sie es nicht zugibt - ich spüre das da nichts mehr wird";;;;"1008812495346323457";https://twitter.com/matemarit/status/1008812495346323457
;2018/06/18 22:43;4;6;"Nicht mehr ganz aktuell, aber trotzdem...AFD-Clan Teil 10 #noafd #afd #fcknazis #fckafdpic.twitter.com/WNRqZ3m7Ye";;;#noafd #afd #fcknazis #fckafdpic;"1008812441579421697";https://twitter.com/moertelundkelle/status/1008812441579421697
;2018/06/18 22:43;2;15;"Nebenjob: gekündigtpic.twitter.com/GeOQDTQCr6";;;;"1008812397279285253";https://twitter.com/freiraumplaner/status/1008812397279285253
;2018/06/18 22:42;8;37;"Einfach satt getroffen! Das Traumtor von @dries_mertens14 zum Genießen. Highlights https://www.youtube.com/fifa  #WM2018pic.twitter.com/ChxC09GSZ1";;@dries_mertens14;#WM2018pic;"1008812310197145601";https://twitter.com/fifaworldcup_de/status/1008812310197145601
;2018/06/18 22:42;4;15;"#TippdesJahres Wie man #Geld sparen kann?! Keine #Bild kaufen! #Issopic.twitter.com/4gmsBJ4hN3";;;#TippdesJahres #Geld #Bild #Issopic;"1008812275543740417";https://twitter.com/MichaelB2861/status/1008812275543740417
;2018/06/18 22:41;47;435;"Well in Ruben! #ThreeLionspic.twitter.com/AC3Kby0dOA";;;#ThreeLionspic;"1008811954553704453";https://twitter.com/CPFC/status/1008811954553704453
;2018/06/18 22:41;123;458;"Most creative player in the #WorldCup so far - Messi? Özil? Neymar? De Bruyne? Müller? No, it’s Kieran Trippier (6 chances).pic.twitter.com/wEyRb3XWzK";;;#WorldCup;"1008811842972602373";https://twitter.com/SpursStatMan/status/1008811842972602373
;2018/06/18 22:40;8;43;"ein gutes request! @NilsNSommerpic.twitter.com/1MFs2Xuw8T";;@NilsNSommerpic;;"1008811799590948867";https://twitter.com/Risto_Licious/status/1008811799590948867
;2018/06/18 22:39;3;15;"Depressionen bedeuten auch: Sein eigenes Leben regelmäßig zu hassen. Sich selbst zu hassen. Sich selbst dafür die Schuld zu geben.";;;;"1008811395012587520";https://twitter.com/19Sascha09/status/1008811395012587520
;2018/06/18 22:38;4;6;"Moo FFN Military correspondentpic.twitter.com/kStDIH2Xgw";;;;"1008811324422475777";https://twitter.com/thecatsartist/status/1008811324422475777
;2018/06/18 22:38;4;8;"Willst du sie haben, dann brauchst du Narben";;;;"1008811313919713280";https://twitter.com/alligatoahbot/status/1008811313919713280
;2018/06/18 22:38;6;37;"Der Gedanke, dass Jesus vielleicht wie Jonathan von @QueerEye war, macht mir das Christentum bedeutend attraktiver.";;@QueerEye;;"1008811300154150919";https://twitter.com/KuttnerSarah/status/1008811300154150919
;2018/06/18 22:38;5;3;"Der erste Retweeter bekommt 1€ Guthaben gratis! Wer hat hier die Glocke aktiviert?";;;;"1008811196928151555";https://twitter.com/FeeHostingcom/status/1008811196928151555
;2018/06/18 22:37;4;14;"erst lil peep und jetzt xxxtentacion mein leben hat kein sinn mehr.";;;;"1008810864575737856";https://twitter.com/Czrlay/status/1008810864575737856
;2018/06/18 22:35;2;16;"Jede meiner Formulierungen ist unglücklich jede meiner Formulierungen fühlt sich nicht wohl";;;;"1008810515601207297";https://twitter.com/HughJeen/status/1008810515601207297
;2018/06/18 22:34;5;23;"Löw ist so ein inkompetenter Trottel. #DFB #WM2018pic.twitter.com/JWMqVq5QMM";;;#DFB #WM2018pic;"1008810323644768256";https://twitter.com/Harit04/status/1008810323644768256
;2018/06/18 22:33;12;58;"Hey ZDF, wenn Ihr das nächste Mal einen entlarvenden Rat gegen diesen dilettantischen bayerischen Aktionskünstlern braucht: Fragt einfach, wo das verdammte Kreuz in seinem Hintergrund ist! @heutejournal @dominikrzepkapic.twitter.com/XTWdBjPwsN";;@heutejournal @dominikrzepkapic;;"1008809997504008192";https://twitter.com/politicalbeauty/status/1008809997504008192
;2018/06/18 22:33;3;7;"Liebe an andere zu verteilen, andere zu unterstützen und für die da sein, denen es nicht gut geht, tut einfach so gut♡";;;;"1008809836371472385";https://twitter.com/Syveniaa/status/1008809836371472385
;2018/06/18 22:32;6;30;"Warum es fatal wäre, wenn der öffentlich rechtliche Rundfunk abgeschafft würde? Weil private Sender wie @sat1 politische Hetze betreiben, siehe Strunz. PS. Auch christliche Schüler dürfen nach Konfirmation oder für Kirchentage die Schule schwänzen, ihr Experten. #AfD #sat1pic.twitter.com/xtu9iKr4HI";;@sat1;#AfD #sat1pic;"1008809724983291905";https://twitter.com/JonasBelling/status/1008809724983291905
;2018/06/18 22:32;7;17;"Wenn es wirklich stimmt, dass X tot sein sollte, wäre das ein Verlust eines extrem talentierten Menschens. Glaube auch dass er sich stark charakterlich entwickelt hat auch wenn seine Vergangenheit extrem fragwürdig ist";;;;"1008809715927863300";https://twitter.com/kidnfinity/status/1008809715927863300
;2018/06/18 22:32;10;16;"N u r f ü r M u t i g e H a b e h i e r m a l w a s z u v e r s c h e n k e n. pic.twitter.com/VMGpPAKDVn";;;;"1008809709439275013";https://twitter.com/spass_fun/status/1008809709439275013
;2018/06/18 22:32;4;12;"Siri, ich schwör dir ich kenne keine Alexa. Alexa: Wer ist Siri? Sofa: Ist Alexa nett? Bett: Du hast ein Sofa? Sofa: Gute Nacht.";;;;"1008809683753291777";https://twitter.com/meinsofa/status/1008809683753291777
;2018/06/18 22:31;6;37;""Du bist halt nur anders schlau." Selten wurde ich netter beleidigt.";;;;"1008809560403005440";https://twitter.com/deinbier/status/1008809560403005440
;2018/06/18 22:30;58;1079;"+2 da Barbie ⚘pic.twitter.com/Ig5NZN4rEt";;;;"1008809255636557825";https://twitter.com/Biaa_rj/status/1008809255636557825
;2018/06/18 22:30;9;5;"bei der #noafd Veranstaltung heute(18.06.18) in #baddürrenberg mit dem MdB #pasemann war auch der IB-Fascho Mario Müller #kontrakultur(rechts im Bild stehend) links steht Daniel Schneider von der #noafd Saalekreis, verdeckt im weißen Hemd #tillschneider #fckafd #fckIBpic.twitter.com/BvS7wim54O";;;#noafd #badd #pasemann #kontrakultur #noafd #tillschneider #fckafd #fckIBpic;"1008809248288137217";https://twitter.com/RoteBrille_GRO/status/1008809248288137217
;2018/06/18 22:29;13;23;"Wirrer Auftritt von @nicolabeerfdp gerade bei @phoenix_de: "Angela Merkel hat ja 2015 diese ganzen Flüchtlinge ins Land geholt". Jetzt wird - faktisch unzureffender - AfD-Sprech nicht nur von @c_lindner hoffähig gemacht, sondern auch noch von dieser Dame. Liberalismus am Ende.";;@nicolabeerfdp @phoenix_de @c_lindner;;"1008808950874234880";https://twitter.com/fromBembeltown/status/1008808950874234880
;2018/06/18 22:28;15;46;"Italien will Roma zählen lassen. Next Step Register oder wie? Dieses Europa ist wirklich nicht wiederzuerkennen. Die fahren uns mit ihrem Hass voll an die Wand. Die Kurzens und Salvinis und Orbans und Seehofers. Und wenn's dann ordentlich staubt will's wieder keiner gewesen sein.";;;;"1008808719583506432";https://twitter.com/KatQuat/status/1008808719583506432
;2018/06/18 22:26;12;68;"Ich würde mich freuen, dieses Land diskutierte endlich über . . . - Pflegereform - Bildungsreform - Gesundheitsreform - Altersarmut - Digitalisierung - Klimawandel - soziale Ungerechtigkeit . . . Flüchtlinge, Ihr Spalter von der @CSU, sind derzeit unser kleinstes Problem.";;@CSU;;"1008808308319440899";https://twitter.com/FFligge/status/1008808308319440899
;2018/06/18 22:32;4;8;"Nur mal so nebenbei: Es gibt bisher genau eine europäische Mannschaft, die bei dieser WM verloren hat. And the loser is... #GERMEX #WM2018 #WORLDCUP";;;#GERMEX #WM2018 #WORLDCUP;"1008809745153773569";https://twitter.com/schuster1900/status/1008809745153773569
;2018/06/18 22:29;3;8;"Absolute scenes in lambwath";;;;"1008808926232621057";https://twitter.com/janvisser93/status/1008808926232621057
;2018/06/18 22:25;5;49;"Schlaft gut und habt angenehme Träume....pic.twitter.com/2YACi2B9ly";;;;"1008807925220069376";https://twitter.com/Dorfphotograph/status/1008807925220069376
;2018/06/18 22:25;5;51;"früher katholisches privatgymnasium schulgottesdienst so richtig geile lieder singen immer LAURA TUSSI OMI SENIORE LAURA TUSSI OMI SENIORE LAURA TUSSI OMI SENIORE LAURA TUSSI OMI SENIOR SEI GEPRIESEN DU LALALA (den part kann niemand wirklich)";;;;"1008807915141115904";https://twitter.com/rantmannshans/status/1008807915141115904
;2018/06/18 22:25;5;18;"Wenn wir linksgrün versiffte Gutmenschen sind, könen wir die rechten dann rechtsbraun versiffte Schlechtmenschen nennen?";;;;"1008807817170636800";https://twitter.com/datcarovieh/status/1008807817170636800
;2018/06/18 22:24;8;17;"Mehr als 1000 Menschen setzten sich am Freitag in Schlauchboote, um von #Marokko über die Meerenge von Gibraltar zu paddeln. Unsere Story zur größten Massenflucht nach #Spanien seit Jahren morgen im @WELT-Print und jetzt schon online: https://www.welt.de/politik/ausland/plus177770630/Tarifa-Schleuser-bringen-fast-1000-Menschen-von-Marokko-nach-Spanien.html …pic.twitter.com/6OsFl94bvs";;@WELT;#Marokko #Spanien;"1008807735499116551";https://twitter.com/Tim_Roehn/status/1008807735499116551
;2018/06/18 22:24;4;7;"Na, guck an, guck an: Die Lilly Heidelberg ist wieder da - mit neuem Account. #SturmDerVernunft bitte übernehmen! pic.twitter.com/XGRtaSa7Td";;;#SturmDerVernunft;"1008807627764232193";https://twitter.com/ani_akraps2_0/status/1008807627764232193
;2018/06/18 22:22;8;14;"Als ihr gestern Fußball geguckt habt, bin ich an den beiden #citytree in der Esslinger Straße in #Stuttgart vorbeigegangen und hab festgestellt: das Moos ist furztrocken und schon braun! #ohnemoosnixlos #daswirdnix @icrfornax @svmatispic.twitter.com/CuefAghfx9";;@icrfornax @svmatispic;#citytree #Stuttgart #ohnemoosnixlos #daswirdnix;"1008807290328186880";https://twitter.com/kunstundreisen/status/1008807290328186880
;2018/06/18 22:21;9;24;"Ich brauche dich hier";;;;"1008807001495949313";https://twitter.com/unverheissen/status/1008807001495949313
;2018/06/18 22:21;18;52;"Ich werde jetzt nochmal nach dem schlafenden Zweijährigen sehen, während in den kommenden Stunden anderswo (Klein-)Kinder ihren Eltern entrissen werden. Das ist nicht God's own country. Das ist die Hölle!https://twitter.com/KamalaHarris/status/1008115759267110913 …";;;;"1008806914233393153";https://twitter.com/688i/status/1008806914233393153
;2018/06/18 22:20;5;35;"Ich hab was schnelles gemalt oder so, inspiriert von @BlauPummelchen (ich liebe ihre Kunst!!)pic.twitter.com/B1dNyCa3ZQ";;@BlauPummelchen;;"1008806707332616192";https://twitter.com/trauerwirbel/status/1008806707332616192
;2018/06/18 22:20;5;4;"Noch ca 100 Minuten übrig! Wer noch nicht mitgemacht hat sollte sich lieber beeilen! ->> https://gleam.io/cFP1y/deathgarden-beta-key-giveaway … #giveaway #win #deathgarden #betakey #notmuchtimeleft #twitchde #entertowin #gleam #luckypic.twitter.com/2JymomQ6hu";;;#giveaway #win #deathgarden #betakey #notmuchtimeleft #twitchde #entertowin #gleam #luckypic;"1008806694581886976";https://twitter.com/Foxxicle/status/1008806694581886976
;2018/06/18 22:19;10;24;"Powerlinepic.twitter.com/lAtyRBFan6";;;;"1008806474745765890";https://twitter.com/Swivvy_Livvy/status/1008806474745765890
;2018/06/18 22:19;15;90;"Hunde am Arbeitsplatz können dabei helfen, das Vertrauen zwischen Teammitgliedern zu stärken und den Zusammenhalt fördern.";;;;"1008806468462764032";https://twitter.com/faktastisch/status/1008806468462764032
;2018/06/18 22:18;3;5;"Mäuschen TUSA muss in den dunklen, lauten und engen Vetkennels leben. Nur dort ist es für die entspannte, liebe Hündin sicher, aber ein schöner Platz zum Leben ist das nicht! https://youtu.be/zp7sGEgcQwE  Hündin ~2 J. ~45cm http://www.prodogromania.de/bilder/index.php/Notf-lle/Vetkennel-Bucov/TUSA … info@prodogromania.depic.twitter.com/mQ0dp5t9aR";;@prodogromania;;"1008806243622891520";https://twitter.com/ProDogRomania/status/1008806243622891520
;2018/06/18 22:18;7;44;"Morgen Gespräch mit Chefarzt in der Tumorklinik! Wie es mit mir weiter geht. #krebsisteinarschloch #Blümchengegenkrebs pic.twitter.com/FpXdBY4fOH";;;#krebsisteinarschloch #Bl;"1008806061984251904";https://twitter.com/miraundemma/status/1008806061984251904
;2018/06/18 22:17;10;1;"Ich bin auf der Suche nach einem Buch oder anderen Arbeitsmaterialien mit Übungen, die man als Angehöriger mit einem erwachsenen Schlaganfallpatienten mit schwerer Aphasie (besonders im Bereich Sprechen und Schreiben) machen kann. Hat jemand Erfahrungen oder einen Tipp?";;;;"1008805980291911682";https://twitter.com/SneezinLuzifer/status/1008805980291911682
;2018/06/18 22:17;5;37;"Übrigens: Wenn man das USB-Kabel noch vor dem Einstecken umdreht, ist es immer noch verkehrt herum.";;;;"1008805976953315328";https://twitter.com/Timbosteron/status/1008805976953315328
;2018/06/18 22:17;5;6;"#ohnemeinenphysiotherapeuten sehen die Mädels im Fitnessstudio, die nichtmal ihre beinachse einigermaßen halten können ganz schön alt aus. Je mehr dort falsch trainiert wird, umso wichtiger werden wir! Wenn es uns noch gibt! #therapeutenamlimit";;;#ohnemeinenphysiotherapeuten #therapeutenamlimit;"1008805907189428224";https://twitter.com/LinchenKlein/status/1008805907189428224
;2018/06/18 22:17;9;35;"Portrait of Adele Bloch-Bauer I https://www.wikiart.org/en/gustav-klimt/portrait-of-adele-bloch-bauer-i-1907-1 …pic.twitter.com/9DyOAWz7lc";;;;"1008805884196212736";https://twitter.com/artistgklimt/status/1008805884196212736
;2018/06/18 22:24;11;65;"14. Kennst du fünf Bücher von Autorinnen, die nicht weiß sind? Also, @Birgit_Kelle wird ja nachgesagt, sie sei schwarz bis in die Knochen. Abgesehen davon lese ich nicht nach Rassen wie ihr in Hamburg.";;@Birgit_Kelle;;"1008807632247902208";https://twitter.com/_donalphonso/status/1008807632247902208
;2018/06/18 22:19;4;12;"Das Monster ist zornig und klagt wie einst Herr Rumpelstilz ruppig, denn der Kühlschrank hatte versagt und sein Knallpils wurde suppig. Auch unterm Bett ist Suppenbier ein schreckerlich schlimmes Übel, doch wie einst im Biertrinkturnier schluckt es brav Kübel um Kübel…";;;;"1008806441803812866";https://twitter.com/augustmond/status/1008806441803812866
;2018/06/18 22:18;12;31;"Hätte eine Abendsession anzubieten. Hat jemand Interesse? #litcampfanfiction #litcamp18 #Litcamp19pic.twitter.com/LaUSEdTKUk";;;#litcampfanfiction #litcamp18 #Litcamp19pic;"1008806094255329281";https://twitter.com/Doppelmond/status/1008806094255329281
;2018/06/18 22:16;6;22;"Für mehr Lavendel in unserem Land!!! Liebe Landwirte, liebe Gartenbesitzer, liebe Balkonier, baut Lavendel an! Wir haben etwa 5qm und die Artenvielfalt von Bienen, Hummeln und Schmetterlingen ist sensationell! Darüber hinaus, ist er ein Vielkönner und hält auch Mücken fern!pic.twitter.com/ZsNJydj9dS";;;;"1008805692097089541";https://twitter.com/Perlenlyrik/status/1008805692097089541
;2018/06/18 22:15;12;34;"Wir können live zusehen, wie jüngste Geschichte gefälscht wird, in "1984"-Manier. Die Vier Apokalyptischen Reiter Europas (Seehofer, Kurz, Orbán und Salvini) handeln vermutlich in Absprache und trauter Einheit mit Trump und Putin. #fckcsu #DumpTrump";;;#fckcsu #DumpTrump;"1008805527957262337";https://twitter.com/theNeo42/status/1008805527957262337
;2018/06/18 22:15;6;16;"Wie kann man einen Menschen so sehr vermissen";;;;"1008805427704946690";https://twitter.com/unverheissen/status/1008805427704946690
;2018/06/18 22:15;23;169;"Tagebucheintrag 18.06.18pic.twitter.com/hoHAEhsFQE";;;;"1008805426421477376";https://twitter.com/kriegundfreitag/status/1008805426421477376
;2018/06/18 22:13;8;15;"Der Berliner #strassenfeger ist Geschichte. Heute wurde das Projekt eingestellt. Damit sind 100te Obdachlose ihren letzten Verdienst los....es war laut Stiftung ein "Minusgeschäft" schei@@ Stadt, schei@@ Land, schei@@ Welt!";;@ @ @ @ @ @;#strassenfeger;"1008804901043015682";https://twitter.com/ichduersieesBLN/status/1008804901043015682
;2018/06/18 22:13;227;402;"Die Legende der „Grenzöffnung“ wird immer irrer. #Söder im @ZDF: Deutschland habe 2015 „mit der einseitigen nationalen Entscheidung, seine Grenzen aufzumachen, die europäischen Partner allein gelassen“. Nein! Ungarn & Österreich baten #Merkel damals, die Flüchtlinge aufzunehmen.pic.twitter.com/L10ZUJVDQo";;@ZDF;#S #Merkel;"1008804856835006465";https://twitter.com/JHillje/status/1008804856835006465
;2018/06/18 22:11;67;154;"Germany legend Stefan Effenberg on Cristiano. ( @TheRonaldoBible)pic.twitter.com/7iT97s1hSo";;@TheRonaldoBible;;"1008804498498883591";https://twitter.com/TeamCRonaldo/status/1008804498498883591
;2018/06/18 22:11;19;33;"Das ist natürlich Schwachsinn. Die Grenzen mussten nicht geöffnet werden, den sie waren nie verschlossen. Als Merkel den berühmten Satz gesagt hatte, waren schon 700.000 da und ca 800.000 längst unterwegs Den wahren Grund der Flüchtlingsströme bringt G. Schramm auf den Punkt.pic.twitter.com/rU3VojoMBY";;;;"1008804410682638336";https://twitter.com/Tom_de_Belfore/status/1008804410682638336
;2018/06/18 22:11;10;9;"Liebe Follower, mal ein Anliegen in persönlicher Sache, wo ich doch einige juristisch bewanderte Personen in meiner geschätzten TL habe. Stichwort Beleidigungen und Beschimpfungen aus der Nachbarschaft. Inwieweit muss ich mir was gefallen lassen,";;;;"1008804363404500993";https://twitter.com/alphapooky/status/1008804363404500993
;2018/06/18 22:09;114;225;"gfriend ; eunhapic.twitter.com/lNuvX7zFEl";;;;"1008804025431666690";https://twitter.com/girlgroupspics/status/1008804025431666690
;2018/06/18 22:07;8;18;". #Trump ist ein Lügner. Verständlich, dass er von europäischen Resterampen verehrt wird. #AfDpic.twitter.com/RHZiUPh0yU";;;#Trump #AfDpic;"1008803322864775170";https://twitter.com/Walnusskipferl/status/1008803322864775170
;2018/06/18 22:06;3;12;"Melonen-Wein-Podiumsdiskussion mit @Literatouristin und @whatawrite inkl. Verkostung. "Wein ist nicht gleich Wein!" Das ist so wahr! #litcampfanfiction #litcamp18pic.twitter.com/uEg0Kja7V8";;@Literatouristin @whatawrite;#litcampfanfiction #litcamp18pic;"1008803263330816001";https://twitter.com/VictoriaLinnea1/status/1008803263330816001
;2018/06/18 22:04;3;8;"Wollt ihr mir jz ernsthaft erzählen, dass es sowas wie Youtube Premium gibt und das....11,99€ KOSTET???????!!!! Das isn Witz. Aber ein richtig schlechter,";;;;"1008802727894364160";https://twitter.com/jkuhl1948/status/1008802727894364160
;2018/06/18 22:04;5;6;"GIVEAWAY! Watch & Win 20€ Steam Gutschein. Wir sehen uns!@TwitchShare @twitchraid @TwitchSharing @TwitchRetweetr @share_stream @Retweet_Twitch @TwitchTVGaming @twitchraid @StreamerNetwork @TwitchReTweets #SupportSmallStreamers #giveaway";;@TwitchShare @twitchraid @TwitchSharing @TwitchRetweetr @share_stream @Retweet_Twitch @TwitchTVGaming @twitchraid @StreamerNetwork @TwitchReTweets;#SupportSmallStreamers #giveaway;"1008802716272021504";https://twitter.com/BonestormOne1/status/1008802716272021504
;2018/06/18 22:04;16;63;"Bewertet Religionen danach, wie sie Menschen behandeln die von diesem Glauben abfallen. Vergleicht einfach jemanden der aus der Kirche austritt mit jemanden der in einem islamischen Staat sagt er ist nun ex-Muslim.";;;;"1008802652858343424";https://twitter.com/AliCologne/status/1008802652858343424
;2018/06/18 22:04;3;36;"Gute nacht ihr liebenpic.twitter.com/lq1MehGecY";;;;"1008802627600207875";https://twitter.com/Boris38804768/status/1008802627600207875
;2018/06/18 22:04;8;35;"Real life: *sich nicht trauen, jemandem zu sagen wie cool man den Style, das Makeup etc. findet und die Person niemals ansprechen* Twitter: "Omg, du bist so schön! Deine Haare! So ästhetisch! Deine Figur! Omg L I T! "";;;;"1008802546629177346";https://twitter.com/gedankenphobia/status/1008802546629177346
;2018/06/18 22:06;4;15;"Ihr habts s g´wählt - jetzt tuats a 12 Stunden hackln für eure türkisblauen Möchtegernvertreter und Managementpolitiker! #warehklar";;;#warehklar;"1008803222830698501";https://twitter.com/mgitzi/status/1008803222830698501
;2018/06/18 22:05;6;49;"Lol was für ein beschissener Laptoppic.twitter.com/E7093g11UE";;;;"1008802976385945600";https://twitter.com/mogelpony/status/1008802976385945600
;2018/06/18 22:04;10;17;"Tourismus ist, wenn Du Wochen lang anderer Leute #Heimat kaputt machst & dann in deine Ikea-Wohnlandschaft zurückkehrst. #Flucht ist, wenn Du weg musst, weil andere Deine Heimat kaputt gemacht haben " #Asyltourismus" ist Hohn, Verachtung & Rassismus made by @Markus_Soeder #söder";;@Markus_Soeder;#Heimat #Flucht #Asyltourismus #s;"1008802566099161088";https://twitter.com/Fotograf_Lauer/status/1008802566099161088
;2018/06/18 22:03;3;23;"Bei dieser WM gewinnen aber auch echt alle Außenseiter. #TUNENG";;;#TUNENG;"1008802487304949760";https://twitter.com/_don_sebo/status/1008802487304949760
;2018/06/18 22:03;3;13;"Hallo Zusammen, erkennt ihr mich noch? Mein zukünftiges Frauchen hat große Augen gemacht, was für ein kleiner Mann ich schon bin. Dauert nicht mehr lange und ich werde euch unter @sherlocksnoopdog auf die Nerven gehen.pic.twitter.com/Llsck3Nv6v";;@sherlocksnoopdog;;"1008802476097712129";https://twitter.com/Bordeauxdogge2/status/1008802476097712129
;2018/06/18 22:03;3;3;"Hab ich unter meinen Followern Personen, die luzides Träumen beherrschen und sich mit mir austauschen wollen? #followerpower";;;#followerpower;"1008802330219896832";https://twitter.com/KrawallKiwi/status/1008802330219896832
;2018/06/18 22:03;9;36;"Wenigstens Slomka gibt Söder ein bisschen Contra: „Mit Asyltourismus meinen Sie aber nicht die Flüchtlinge, die im Mittelmeer ertrunken sind. Die haben sich das ja nicht als Urlaubsreise gedacht, oder?“pic.twitter.com/UPuZpLe7Jq";;;;"1008802281368817664";https://twitter.com/stluedke/status/1008802281368817664
;2018/06/18 22:02;16;54;"Find of the day: A German AS25 Blinkgerät (Search and signal light) found on the floor of Sachsen Graben #FWW #Archaeology #Historypic.twitter.com/hh24pzpZWA";;;#FWW #Archaeology #Historypic;"1008802089554841600";https://twitter.com/DigHill80/status/1008802089554841600
;2018/06/18 22:01;4;12;"#FAZ-Herausgeber Berthold Kohler: "Die #CSU wie auch ein wach­sen­der Teil der Deut­schen ver­ste­hen bis heu­te nicht, wie leicht die Kanz­le­rin da­mals die Kon­trol­le über die deut­schen Gren­zen auf­gab, weil das an­geb­lich gar nicht an­ders mög­lich ge­we­sen sei."";;;#FAZ #CSU;"1008801918569893888";https://twitter.com/Michael_Leh/status/1008801918569893888
;2018/06/18 22:01;2;6;"Einfache Menschen machen sich die Welt gern einfach. Und teilen auf in Gut und Böse. Schwarz und Weiß. Links und Rechts.";;;;"1008801912827891713";https://twitter.com/Todesschwester/status/1008801912827891713
;2018/06/18 22:01;4;7;"Würde mich so gerne mal wieder betrinken, um die ganze Scheiße für ein paar Stunden vergessen zu können.";;;;"1008801832267866113";https://twitter.com/puppydogeyees/status/1008801832267866113
;2018/06/18 22:00;11;34;"#Söder pustet im #ZDF kräftig die Backen auf, es ist so widerlich. Eine 6% Partei führt sich auf, wie der starke August auf dem Jahrmarkt. Wie lange müssen wir uns dieses primitive Theater noch ansehen, wer regiert das Land? #Seehofer #Asylstreit @spdde @RegSprecher @CDU";;@spdde @RegSprecher @CDU;#S #ZDF #Seehofer #Asylstreit;"1008801685794369536";https://twitter.com/LisaKlaster/status/1008801685794369536
;2018/06/18 22:00;8;17;"meine freundin sieht aus wie kleine Prinzessin und ich bin allein zuhaus er: bro ich kann nicht sie: ich bin mexikanischer Straßenhund";;;;"1008801526956068866";https://twitter.com/TLSimulator/status/1008801526956068866
;2018/06/18 21:59;5;4;"So uns fehlt jetzt noch ein Teilnehmer für die 4. Season des BDTs. Diese werden wir als "Wildcard" vergeben. Setzt euren Namen hier bis Freitag 20 Uhr runter und dann werden wir den Gewinner auslosen.";;;;"1008801415303659520";https://twitter.com/BDTLiga/status/1008801415303659520
;2018/06/18 21:59;4;19;"Ich find es ja wesentlich interessanter Eure Tweets zu lesen, als selbst welche zu schreiben. Nur mal so...";;;;"1008801370361810944";https://twitter.com/Pina_Inchen/status/1008801370361810944
;2018/06/18 21:59;4;32;"manchmal umarme ich random meine freunde weil ich einfach Zuneigung brauche oder liebe verteilen will und ich frage mich warum ich so bin";;;;"1008801307958931456";https://twitter.com/callmeeml/status/1008801307958931456
;2018/06/18 21:59;20;640;"Unsere Minecraft Adventure-Map-Folge von heute ist aktuell in Deutschland nicht verfügbar. Noch ist nicht klar, warum. Offenbar spinnt @YouTube gerade eh aber gleichzeitig war es eine Folge, in der wir uns sehr AFD-kritisch geäußert haben. Mal gucken ob wir das klären können.";;@YouTube;;"1008801300002336768";https://twitter.com/PietSmiet/status/1008801300002336768
;2018/06/18 21:58;4;44;"Einmal ne Bierflasche eingepflanzt und dann sowas... #jeverpic.twitter.com/beWaZfFlZL";;;#jeverpic;"1008801059375022080";https://twitter.com/genialewelt/status/1008801059375022080
;2018/06/18 21:57;134;306;"6ix9ine pic.twitter.com/GHZwMTjiEy";;;;"1008800917595086848";https://twitter.com/BenjaminEnfield/status/1008800917595086848
;2018/06/18 21:58;17;73;"„Mit ,Asyltourismus‘ meinen Sie aber nicht die Flüchtlinge, die im Mittelmeer ertrunken sind. Die haben sich das ja nicht als Urlaubsreise gedacht, oder?“, fragt Marietta Slomka gerade Markus Söder im @heutejournal. Er gibt kein Interview mehr ohne dieses Wort.";;@heutejournal;;"1008801060260020224";https://twitter.com/nicolediekmann/status/1008801060260020224
;2018/06/18 21:56;53;212;"Und schon wieder darf #Söder im @heutejournal seine Dolchstoßlegende von einer „Grenzöffnung“ und einem „Asyltourismus“ pfeifen.pic.twitter.com/cPqTs1GAit";;@heutejournal;#S;"1008800748296179714";https://twitter.com/politicalbeauty/status/1008800748296179714
;2018/06/18 21:56;49;289;"1. Spieltag #WM2018⁠ ⁠ Russland + Iran + Dänemark _____________ = 9 Punkte Deutschland + Brasilien + Spanien + Portugal + Argentinien + Italien + Holland ______________ = 4 Punkte Als ob das nicht schon genug Wahnsinn wäre: Jetzt gewinnen sogar noch die Engländer. #TUNENG";;;#WM2018 #TUNENG;"1008800688254717952";https://twitter.com/DerPoppe/status/1008800688254717952
;2018/06/18 21:55;14;14;"Seit einer Woche wirbt Swisscom offiziell mit Netzsperren. Medienmitteilung: https://www.swisscom.ch/de/about/media/press-releases/2018/06/20180612-internet-guard.html … Die Sperren sind Standardmäßig aktiv. Als Kunde wird man vorgängig nicht gefragt. Das ganze sieht so aus (Thread).pic.twitter.com/2nb6qFFzDY";;;;"1008800484453470208";https://twitter.com/RitzmannMarkus/status/1008800484453470208
;2018/06/18 21:54;12;20;"Die "Dopingexperten" sind sich nicht zu blöde, den "ich habe nichts gesehen" Rodtschenkow mit seinem Pissproben-Tagebuch als "Kronzeugen" wieder rauszukramen. Wie groß muss die Not sein, doch so dringend Russland mit Dreck beschmeißen zu müssen... Peinliche Propagandaclowns";;;;"1008800028603887616";https://twitter.com/Boson77Higgs/status/1008800028603887616
;2018/06/18 21:53;3;14;"Start Rashford and Ruben.";;;;"1008799963839647744";https://twitter.com/dannyblacker/status/1008799963839647744
;2018/06/18 21:53;15;21;"Du kannst nicht davon leben mit der Wirklichkeit zu konkurrieren noch kannst du von der #Wirklichkeit leben aber du kannst einen Eingriff überleben und alles zurück kriegen Nicolas Born #Literatur #Lyrik #poesie #fotografiepic.twitter.com/jGL9BMYqSO";;;#Wirklichkeit #Literatur #Lyrik #poesie #fotografiepic;"1008799926669725698";https://twitter.com/o_franco_aleman/status/1008799926669725698
;2018/06/18 21:53;6;62;"Hier hat einer im Profil stehen *könnte täglich masturbieren*. Äh ja und? versteh ich nicht...";;;;"1008799911557652481";https://twitter.com/_stillesWasser/status/1008799911557652481
;2018/06/18 21:53;6;39;"Ich schreib mir nicht die Finger wund. Um Menschen zu gefallen.";;;;"1008799794855325696";https://twitter.com/Spunktpunkt/status/1008799794855325696
;2018/06/18 21:52;5;10;"DAS WM GEWINNSPIEL WIRD VERLÄNGERT! Tippe aufs Ergebnis fürs kommende Deutschlandspiel gegen Schweden. Alle die richtig tippen kommen am Sonntag in den Raffle. Die ersten drei erhalten ein Shirt ihrer Wahl! VIEL GLÜCK! @Joiksken @KAISERVERUS5 @xflixx @SteinRaclette @beardmantvpic.twitter.com/zExLctHlpM";;@Joiksken @KAISERVERUS5 @xflixx @SteinRaclette @beardmantvpic;;"1008799658116775937";https://twitter.com/SmerchShop/status/1008799658116775937
;2018/06/18 21:51;11;5;"Schweden: Vier Verwundete bei Schießerei in Innenstadt von Malmö http://bit.ly/2lkrilQ pic.twitter.com/FoF4DSkqBL";;;;"1008799451639615489";https://twitter.com/euronewsde/status/1008799451639615489
;2018/06/18 21:51;9;17;"Wie viele RTs brauchen wir eigentlich für ein #HalliGalli -Special oder bisher nicht gezeigte Outtakes? @ProSieben";;@ProSieben;#HalliGalli;"1008799394483855360";https://twitter.com/Weilwegendas/status/1008799394483855360
;2018/06/18 21:50;6;17;"Özil nimmt Ehrepic.twitter.com/sJniNgUroG";;;;"1008799177248268288";https://twitter.com/gommefon/status/1008799177248268288
;2018/06/18 21:50;5;18;"Happy das ich morgen wieder in der RESIDENZ HEKATE KARLSRUHE bin freu mich auf GEILE SESSIONS @residenzhekate @lolita_saphira @LadyKimDavispic.twitter.com/PULhLtFXZx";;@residenzhekate @lolita_saphira @LadyKimDavispic;;"1008799115399049216";https://twitter.com/BizarrStellaCay/status/1008799115399049216
;2018/06/18 21:50;43;31;"In #Barsinghausen bei Hannover wurde ein 24Jähriger mit deutscher und dominikanischer Staatsangehörigkeit festgenommen. Er wird verdächtigt, die 16jährige #AnnaLena getötet zu haben #Polizei pic.twitter.com/Wc2BlByFp6";;;#Barsinghausen #AnnaLena #Polizei;"1008799110592417795";https://twitter.com/SoliDavidwache/status/1008799110592417795
;2018/06/18 21:50;14;81;"Gedanken, die den Tag schön machen, sind schon was besonderes!";;;;"1008799020335149056";https://twitter.com/einfach_ich1/status/1008799020335149056
;2018/06/18 21:48;7;12;"Kein sexueller missbrauch. Soll das irgendwas entschuldigen? Das Mädchen ist tot. Unglaublich menschenverachtende Berichterstattung";;;;"1008798745457291265";https://twitter.com/haljam26/status/1008798745457291265
;2018/06/18 21:47;8;20;"GGWP an @SKGaming ! Auch die 2te Partie war wirklich spannend! Am Ende sichern sich unsere Jungs den 2:0 Sieg. Somit halten wir weiter die Führung in der #ESLMeisterschaft. Danke für eure tolle Unterstützung im Twitch Chat! #DCGWINpic.twitter.com/8vey4YnW1W";;@SKGaming;#ESLMeisterschaft #DCGWINpic;"1008798286378078208";https://twitter.com/DCGamingStars/status/1008798286378078208
;2018/06/18 21:45;5;19;"Glücklich sein heißt nicht, dass alles perfekt ist. Es bedeutet, über das nicht perfekte hinweg zu sehen.";;;;"1008797876594593793";https://twitter.com/DeprimeSo/status/1008797876594593793
;2018/06/18 21:44;11;35;"Müde sein, aber hauptberuflich.";;;;"1008797602845003776";https://twitter.com/Miss_Geschick/status/1008797602845003776
;2018/06/18 21:44;19;32;"Beim Petersberger #Klimadialog kann Kanzlerin #Merkel ein Zeichen setzen. Wir möchten von ihr hören, dass sie ambitionierte EU-Klimaziele mitträgt und einen zügigen #Kohleausstieg vorantreibt. #PCD9 @RegSprecherpic.twitter.com/NbkYF1l7JO";;@RegSprecherpic;#Klimadialog #Merkel #Kohleausstieg #PCD9;"1008797627096469504";https://twitter.com/greenpeace_de/status/1008797627096469504
;2018/06/18 21:43;8;47;"Aschaffenberg is SOLD OUT!pic.twitter.com/4nkeI8yTNX";;;;"1008797456124039169";https://twitter.com/mrbigmusic/status/1008797456124039169
;2018/06/18 21:43;5;21;"Alles könnte ich ertragen ohne nur ein Wort zu sagen, doch der Vuvuzela Klang weckt in mir den Mörderdrang.";;;;"1008797346006814720";https://twitter.com/LilaR/status/1008797346006814720
;2018/06/18 21:42;6;6;"Schweiz, Churpic.twitter.com/N03nZU6Svt";;;;"1008797151625916416";https://twitter.com/AlikNazhimov/status/1008797151625916416
;2018/06/18 21:42;13;65;""vielleicht braucht die seele manchmal die tränen.", sagt das eine schlafschaf. "ja. so wie die wiesen den regen.", sagt das andere schlafschaf.";;;;"1008797104129658886";https://twitter.com/frau_charlotte/status/1008797104129658886
;2018/06/18 21:41;12;48;"Placebo ist nicht nichts. Es ist der Effekt, der auftreten kann, wenn wir uns gut behandelt fühlen. Das ist zutiefst menschlich, gut erforscht, keine Einbildung und vor allem kein Wunder! Und das gibt es in ähnlicher Form (,by proxy’) auch bei Kindern und Tieren. #Homöopathie";;;#Hom;"1008796874042683392";https://twitter.com/nataliegrams1/status/1008796874042683392
;2018/06/18 21:40;15;152;"Alter die haben GESTERN gespielt. HEUTE spielt England. Kapisch?pic.twitter.com/ilUJItYteK";;;;"1008796683445194753";https://twitter.com/GrumpyMerkel/status/1008796683445194753
;2018/06/18 21:40;11;13;"Der Cartoonist @Rob_Rogers wurde wegen dieser Zeichnung von der Pittsburgh Post-Gazette gefeuert. Ironisch, dass seine Satire via Twitter nun viel mehr Menschen erreicht. Bitte teilen! pic.twitter.com/KTEwXROXcg";;@Rob_Rogers;;"1008796624196460544";https://twitter.com/skt_johann/status/1008796624196460544
;2018/06/18 21:39;3;17;"Zach zu Joko: "Dich kann man leicht flachlegen!" Klaas zu Zach: "Du musst jetzt gehen!" Oh Gott, Klaas ist ja so eifersüchtig wenn's um seinen Joachim geht #HalliGalli";;;#HalliGalli;"1008796459217641473";https://twitter.com/rainbow_hase/status/1008796459217641473
;2018/06/18 21:38;3;5;"$BIOAQ @ .063, WoW, wallah!!! GImme $$$ .10, dollar....pic.twitter.com/imhsVhVwWi";;@;;"1008796225330647040";https://twitter.com/shall1432/status/1008796225330647040
;2018/06/18 21:38;19;66;"Königsstraße, Stuttgart, as painted, from a tower, Reinhold Nägele in 1930.pic.twitter.com/OWPxUxz9TR";;;;"1008796199984467968";https://twitter.com/MenschOhneMusil/status/1008796199984467968
;2018/06/18 21:38;9;90;"Nur OG's werden es kennen Fav wenn ihr es schon gemacht habt.pic.twitter.com/Ymv6KnZyjP";;;;"1008796129004318720";https://twitter.com/ThaaSky/status/1008796129004318720
;2018/06/18 21:38;17;58;"Wenn du still bist, verstehen dich nur Menschen, die dich fühlen.";;;;"1008796086348247040";https://twitter.com/DeprimeSo/status/1008796086348247040
;2018/06/18 21:38;11;48;"Aus der Reihe „Interessante Wörter, die nicht im #Duden stehen": Feuergasse.pic.twitter.com/TVvLLq5cMl";;;#Duden;"1008796068254027776";https://twitter.com/Dudenverlag/status/1008796068254027776
;2018/06/18 21:38;5;7;"Schweiz, Churpic.twitter.com/Y1VCdm3s0s";;;;"1008795990848167937";https://twitter.com/AlikNazhimov/status/1008795990848167937
;2018/06/18 21:37;9;31;"Das eigentlich Absurde ist ja, dass Nationalisten von der Angst getrieben werden, dass andere Leute das Land auch mögen könnten.";;;;"1008795937634947072";https://twitter.com/dyfustic/status/1008795937634947072
;2018/06/18 21:37;14;95;"“Robotnik” in pen and ink pic.twitter.com/iqGBYSXq2s";;;;"1008795737117876224";https://twitter.com/Sailor_Soffie/status/1008795737117876224
;2018/06/18 21:36;29;77;"Was für dich nur eine Kleinigkeit ist, ist für mich vielleicht das Allergrößte.";;;;"1008795643748511749";https://twitter.com/DeichCruiser/status/1008795643748511749
;2018/06/18 21:36;3;7;"MAN KNUTSCHEN ALTER";;;;"1008795501788123136";https://twitter.com/synapsensalat_/status/1008795501788123136
;2018/06/18 21:34;66;267;"Ich wollte mir so gerne unsere Nationalmannschaft ansehen. Es gibt aber keinepic.twitter.com/lOdSclzdha";;;;"1008795217389121539";https://twitter.com/SteinbachErika/status/1008795217389121539
;2018/06/18 21:35;10;41;"#Gartennachrichten .... da kornblumenblaut es ..... Vorfreude ....pic.twitter.com/ZDlQQu2t8t";;;#Gartennachrichten;"1008795331201466369";https://twitter.com/die_gritti/status/1008795331201466369
;2018/06/18 21:34;7;60;"Hallo liebe TL heute keine Zeit gehabt Wünsche euch eine entspannten Abend und später gute Nacht pic.twitter.com/uh9BIkbXWD";;;;"1008794989613047809";https://twitter.com/_gehnebenmir_/status/1008794989613047809
;2018/06/18 21:33;7;77;"Ich rück Euch den Mond zurecht. Euch alle noch einen schönen Abend und später eine gute Nacht.pic.twitter.com/05MsUYpDwk";;;;"1008794869391904768";https://twitter.com/Mudditanzt01/status/1008794869391904768
;2018/06/18 21:32;5;12;"So eine Umarmung, die von Herzen kommt kann deine Probleme zwar nicht annullieren, doch sie kann dich kurzeitig alles vergessen lassen.";;;;"1008794638570926081";https://twitter.com/Noniusxo/status/1008794638570926081
;2018/06/18 21:32;87;318;"Die Grünen sind mein moralischer Kompass. Ich bin immer auf der anderen Seite. Da liegt man stets richtig.";;;;"1008794575681531905";https://twitter.com/Steinhoefel/status/1008794575681531905
;2018/06/18 21:32;23;44;"Night City, Tavern Marianne von Werefkin #paintingpic.twitter.com/3vQdHx06wD";;;#paintingpic;"1008794557776125953";https://twitter.com/Brindille_/status/1008794557776125953
;2018/06/18 21:32;317;483;"Goals per World Cup game. Gerd Müller: 1.08 Christian Vieri: 1.0 Pele: 0.86 Gary Lineker: 0.83 Gabriel Batistua: 0.83 Ronaldo: 0.79 Miroslav Klose: 0.76 Jurgen Klinsmann: 0.65 Romario: 0.62 Rivaldo: 0.57 Roberto Baggio: 0.56 Raul: 0.45 Cristiano Ronaldo: 0.43 Messi: 0.36";;;;"1008794479975751682";https://twitter.com/spectatorindex/status/1008794479975751682
;2018/06/18 21:31;3;27;"Ich wünsche euch einen angenehmen Abend und eine wunderbare Nacht. Bis morgen.pic.twitter.com/FMSbpg2FA4";;;;"1008794402402291712";https://twitter.com/johann_boresch/status/1008794402402291712
;2018/06/18 21:31;10;9;""Bei mir rufen Hinterbliebene an und sind irritiert. Sie leiden darunter.“ Burgard Dregger, Chef im #Amri-Untersuchungsausschuss, mahnt zur Zurückhaltung bei Vorwürfen gegen Ex-Innensenator Henkel zum Abzug von MEK-Observierungsteams von Amri zur Rigaer. https://m.tagesspiegel.de/berlin/kroemer-kritisiert-lux-spekulationen-um-polizeieinsatz-im-fallamri/22706262.html …pic.twitter.com/fQRYuyOiIs";;;#Amri;"1008794299864113152";https://twitter.com/alx_froehlich/status/1008794299864113152
;2018/06/18 21:30;10;86;"■Seehofer will Grenzen schliessen, die es gar nicht gibt ■Trump hasst Veränderungen seiner Kultur, obwohl er gar keine hat ■Justin Bieber ist ein Star Also ich bin raus aus diesem Science-fiction-Debakel";;;;"1008794102224314368";https://twitter.com/12happyfeet12/status/1008794102224314368
;2018/06/18 21:29;46;962;"Ich: "Ich bin total über meinen Ex hinweg." *im Radio läuft Cher* Ich: *dreht die Lautstärke auf Anschlag, singt, kreischt und weint gleichzeitig* "DO YOU BELIEVE IN LIFE AFTER LOVE" Total über ihn hinweg.";;;;"1008793896267255808";https://twitter.com/deinTherapeut/status/1008793896267255808
;2018/06/18 21:28;5;47;"Diese Tunesier sind bisher die mit Abstand unsympathischste Mannschaft dieser WM. Ständig am reklamieren, gehen bei geringstem Körperkontakt nieder und ziehen defensiv aber jeden unerlaubten Trick. #TUNENG #WM2018";;;#TUNENG #WM2018;"1008793476945924096";https://twitter.com/gemprech/status/1008793476945924096
;2018/06/18 21:27;11;27;"amir asani13 Lauterbrunnen, Switzerlandpic.twitter.com/ZDPparu0Pa";;;;"1008793383593304064";https://twitter.com/SharonEChen/status/1008793383593304064
;2018/06/18 21:27;14;34;"Der Mann im Rathaus #Bautzen, der @Schmanle nahelegt, am Faktor Toleranz zu arbeiten, ist übrigens genau der, der das Abo der Lokalzeitung abbestellt, weil darin Dinge stehen, die ihm nicht passen. Genau mein Humor.";;@Schmanle;#Bautzen;"1008793309677047808";https://twitter.com/dd_twintweet/status/1008793309677047808
;2018/06/18 21:26;5;13;"VIDEO | @DarrenCriss via tianweizhang Instagram Storypic.twitter.com/YCzf60mCCy";;@DarrenCriss;;"1008793072602411009";https://twitter.com/DarrenCSource/status/1008793072602411009
;2018/06/18 21:26;168;316;"Jetzt, wo der Faschismus wiederkehrt, sagt er nicht „Ich bin der Faschismus“, sondern „Wir sollten mal wieder alle Roma im Land zählen“.https://twitter.com/fr/status/1008784770241826817 …";;;;"1008793059868463106";https://twitter.com/hanvoi/status/1008793059868463106
;2018/06/18 21:24;32;88;"Wo das Nazi-Totschlagargument die Bühne beherrscht, wo das Staatsfernsehen zur Jagd auf Regierungsgegner bläst, wo Zensur die Köpfe schwer macht, da haben Argumente es schwer, sich zu entfalten. Da steht eine Demokratie am Abgrund.";;;;"1008792676685287424";https://twitter.com/Kittypunk7/status/1008792676685287424
;2018/06/18 21:23;8;42;"Beeindruckend mit welcher Zivilisiertheit die englischen Spieler eine Fehlentscheidung nach der anderen hinnehmen. #TUNENG";;;#TUNENG;"1008792387026595840";https://twitter.com/exRacaille/status/1008792387026595840
;2018/06/18 21:22;119;243;"Hmmmm...um iPhonepic.twitter.com/zf3zvaRbNT";;;;"1008792191135776768";https://twitter.com/UrubusDaNacao/status/1008792191135776768
;2018/06/18 21:22;16;64;"Trotz -----> Reirdenpic.twitter.com/YFL4IAgILy";;;;"1008792124651864065";https://twitter.com/averagecapsfan/status/1008792124651864065
